{
  "kLa_10": 0.033716626677280585,
  "kLa_25": 0.026794574549844945,
  "kLa_50": 0.016921027123755497,
  "kLa_inst_10": 0.03305137349718568,
  "kLa_inst_25": 0.019675555691473088,
  "kLa_inst_50": 0.018516838797262417,
  "dtmix_0.50": 17.6156157955933,
  "dtmix_0.75": 32.60203520378463,
  "dtmix_0.95": 112.00376610332462,
  "vor_mean": 1.0808916034009117,
  "vel_rms_qss": 0.2586458104020607,
  "kla_fit_rmse_25": 0.0005232057016910626
}