,kLa_10,kLa_25,kLa_50,kLa_inst_10,kLa_inst_25,kLa_inst_50,dtmix_0.50,dtmix_0.75,dtmix_0.95,vor_mean,vel_rms_qss,kla_fit_rmse_25
0,0.1051050465605237,0.1043187944114191,0.1064119613700842,0.1173300532092688,0.0930921833908736,0.0970085444874511,14.9584207892097,29.9168415784194,70.51826943484566,0.6580932491153746,0.2253326118116919,0.0012476277355011
1,0.1100585786357087,0.1317958318126282,0.1165734597178365,0.1305027146530627,0.1253993508210915,0.1293573597333546,7.536627703183506,15.073255406367013,52.00273115196618,0.8279835291411618,0.3320868232291389,0.0010880882923457
2,0.1115333864378554,0.0973206963171378,0.0962979730051434,0.0958583435842812,0.1110440752034201,0.1074921840697878,15.944098109016288,33.96786118877386,82.49337717273654,0.6423801758831886,0.2331787572089421,0.0010572795043182
3,0.117330186248185,0.1374927099148947,0.1265585963621225,0.1227628050154125,0.1385063939115927,0.1407391330580282,10.25387710514899,22.705013589972744,63.72052201056875,0.7237984660764561,0.2634164848568458,0.0007155143281268
4,0.1094327911583674,0.0619286993864794,0.054615138850564,0.0962152167130801,0.0613143402789684,0.0544240541715407,28.353343169809843,47.255571949683045,100.58686029289674,0.6474625307870927,0.2461358542726027,0.0005821148896382
5,0.07929689847284627,0.06610237412245118,0.08714494538984348,0.0934136683804382,0.07005738386602904,0.08874764734331408,16.4450308799494,24.99644693752307,62.49111734380772,0.747213074638431,0.2775696634284481,0.00030275911123109063
