Angle_deg,Angle_rad,dtmix_strict_0.5,vor_meanabs_steady_streaming,kLa_exp5pts_10,kLa_exp5pts_25
7,0.122173048,61.401138840347,1.329545473,21.6997559891853,13.1868950385012
6,0.10471975511966,79.6322322685938,1.01085227307932,17.1573963986919,8.70626385853083
5,0.087266463,103.357255373325,0.727635428,12.4460490120009,4.20545824982341
4,0.06981317,148.599187873974,0.475736947,8.7461412648738,2.73397358289875
3,0.052359878,206.751803477768,0.257258874,5.86183326375874,5.95770164388903
2,0.034906585,365.055679064534,0.115925441,4.45664421880908,4.19268043895996
