Angle_deg,Angle_rad,tau_liq_max,tau_liq_mean,Ediss_liq_max,Ediss_liq_mean
7,0.122173047639603,0.206048869423571,0.00180260737704777,44.6076045849416,0.286547743483753
6,0.10471975511966,0.170598757553612,0.00152268064471318,29.8915432856789,0.198296719153161
5,0.0872664625997165,0.137914306624366,0.00125295129806771,20.0895677411949,0.133306467687942
4,0.0698131700797732,0.107739644794377,0.000993573761390024,14.0024345697122,0.0835206298173151
3,0.0523598775598299,0.092191785616153,0.00074065915443672,14.1545426162989,0.0463221897783641
2,0.0349065850398866,0.0979224223684917,0.000491735717086829,13.8774828491809,0.0207690078548749
